{"cameraMode":{"drawMode":0,"name":"Shaded","section":"Shading Mode"},"sceneLighting":true,"audioPlay":false,"sceneViewState":{"m_AlwaysRefresh":false,"showFog":true,"showSkybox":true,"showFlares":true,"showImageEffects":true,"showParticleSystems":true,"showVisualEffectGraphs":true,"m_FxEnabled":true},"in2DMode":false,"pivot":{"x":-0.09763336181640625,"y":1.4072308540344239,"z":0.2734260559082031},"rotation":{"x":0.08289600163698197,"y":0.6026866436004639,"z":-0.06314823031425476,"w":0.7911522388458252},"size":4.26433801651001,"orthographic":true}